{"cameraMode":{"drawMode":0,"name":"Shaded","section":"Shading Mode"},"sceneLighting":false,"audioPlay":false,"sceneViewState":{"showFog":true,"showMaterialUpdate":false,"showSkybox":false,"showFlares":true,"showImageEffects":true,"showParticleSystems":true},"in2DMode":false,"pivot":{"x":315.7777099609375,"y":209.60888671875,"z":260.57855224609377},"rotation":{"x":0.28320449590682986,"y":-0.0732777789235115,"z":0.021707529202103616,"w":0.9560098648071289},"size":61.4438591003418,"orthographic":false}