{"cameraMode":{"drawMode":0,"name":"Shaded","section":"Shading Mode"},"sceneLighting":false,"audioPlay":false,"sceneViewState":{"showFog":true,"showMaterialUpdate":false,"showSkybox":false,"showFlares":true,"showImageEffects":true,"showParticleSystems":true},"in2DMode":false,"pivot":{"x":-0.9938995838165283,"y":-0.43651604652404787,"z":2.5123369693756105},"rotation":{"x":-0.19200299680233003,"y":0.316466748714447,"z":-0.06557219475507736,"w":-0.926652193069458},"size":7.428820610046387,"orthographic":false}