{"cameraMode":{"drawMode":0,"name":"Shaded","section":"Shading Mode"},"sceneLighting":false,"audioPlay":false,"sceneViewState":{"showFog":true,"showMaterialUpdate":false,"showSkybox":false,"showFlares":true,"showImageEffects":true,"showParticleSystems":true},"in2DMode":false,"pivot":{"x":0.00696718692779541,"y":0.19324076175689698,"z":-0.10857290029525757},"rotation":{"x":0.04197325557470322,"y":0.2851959466934204,"z":-0.01250234991312027,"w":0.9574717879295349},"size":0.6231883764266968,"orthographic":false}