{"cameraMode":{"drawMode":0,"name":"Shaded","section":"Shading Mode"},"sceneLighting":true,"audioPlay":false,"sceneViewState":{"showFog":true,"showMaterialUpdate":false,"showSkybox":true,"showFlares":true,"showImageEffects":true,"showParticleSystems":true},"in2DMode":false,"pivot":{"x":1.8785405158996583,"y":0.10476523637771607,"z":6.311935901641846},"rotation":{"x":-0.029080361127853395,"y":0.6588912010192871,"z":0.025505894795060159,"w":0.7512490749359131},"size":4.950000762939453,"orthographic":false}