{"cameraMode":{"drawMode":0,"name":"Shaded","section":"Shading Mode"},"sceneLighting":false,"audioPlay":false,"sceneViewState":{"showFog":true,"showMaterialUpdate":false,"showSkybox":false,"showFlares":true,"showImageEffects":true,"showParticleSystems":true},"in2DMode":false,"pivot":{"x":2.297229766845703,"y":0.1708955317735672,"z":5.516694068908691},"rotation":{"x":0.007438038010150194,"y":0.8424704074859619,"z":-0.01163477636873722,"w":0.5385725498199463},"size":4.949999809265137,"orthographic":false}