{"cameraMode":{"drawMode":0,"name":"Shaded","section":"Shading Mode"},"sceneLighting":false,"audioPlay":false,"sceneViewState":{"showFog":true,"showMaterialUpdate":false,"showSkybox":false,"showFlares":true,"showImageEffects":true,"showParticleSystems":true},"in2DMode":false,"pivot":{"x":-0.0026351548731327059,"y":-0.050000011920928958,"z":1.2100000381469727},"rotation":{"x":-0.006441440898925066,"y":0.7748250365257263,"z":0.00789625570178032,"w":0.6321010589599609},"size":1.3202061653137208,"orthographic":false}