{"cameraMode":{"drawMode":0,"name":"Shaded","section":"Shading Mode"},"sceneLighting":false,"audioPlay":false,"sceneViewState":{"showFog":true,"showMaterialUpdate":false,"showSkybox":false,"showFlares":true,"showImageEffects":true,"showParticleSystems":true},"in2DMode":false,"pivot":{"x":-2.6821436882019045,"y":1.0937755107879639,"z":-0.21559840440750123},"rotation":{"x":-0.09151893109083176,"y":-0.7124255299568176,"z":-0.09459058195352555,"w":0.6892954111099243},"size":5.994780540466309,"orthographic":false}