{"cameraMode":{"drawMode":0,"name":"Shaded","section":"Shading Mode"},"sceneLighting":true,"audioPlay":false,"sceneViewState":{"showFog":true,"showMaterialUpdate":false,"showSkybox":true,"showFlares":true,"showImageEffects":true,"showParticleSystems":true},"in2DMode":false,"pivot":{"x":640.4314575195313,"y":187.72576904296876,"z":4.5771484375},"rotation":{"x":-0.03299407288432121,"y":0.0002962803700938821,"z":-0.000009786444934434257,"w":-0.9994567036628723},"size":1707.1690673828125,"orthographic":false}